dataset,model,reference,n_volumes,phi_ref,phi_mean,phi_std,dphi,s2_mae,s2_mae_std,s2_err,L_mae,L_err,phi_xy,phi_xz,phi_yz,phi_slice_std_xy,phi_slice_std_xz,phi_slice_std_yz,s2_mae_xy,s2_mae_xz,s2_mae_yz,L_mae_xy,L_mae_xz,L_mae_yz
microlib_000210,m1_cnn,common,32,0.232137,0.264628,0.0659395,0.0324916,0.0254291,0.0342042,0.256603,0.0230779,0.268884,0.264628,0.264628,0.264628,0.0956197,0.0882405,0.0791332,0.028213,0.0246585,0.0234157,0.0254767,0.022714,0.0210429
microlib_000210,m2_swin,common,32,0.232137,0.237989,0.0507027,0.00585186,0.0026679,0.0219208,0.0269215,0.00355658,0.0414383,0.237989,0.237989,0.237989,0.0874275,0.0661344,0.0993491,0.00452256,0.00486597,0.00686657,0.0032331,0.00676337,0.00422707
microlib_000210,m3_swin_sam,common,32,0.232137,0.237018,0.0483926,0.0048809,0.0060636,0.0196894,0.0611872,0.00524858,0.0611521,0.237018,0.237018,0.237018,0.108727,0.0631875,0.0958528,0.0118115,0.00215402,0.00667751,0.0127135,0.00515634,0.0066154
microlib_000210,m4_ensemble,common,32,0.232137,0.245864,0.0470321,0.0137271,0.0109763,0.0208987,0.110761,0.00805224,0.093818,0.245864,0.245864,0.245864,0.0852236,0.108861,0.0674736,0.0104692,0.016333,0.00612682,0.00650275,0.0114995,0.00615445
microlib_000210,m5_finetune,common,32,0.232137,0.264323,0.0584665,0.032186,0.0216894,0.0282867,0.218866,0.0164106,0.191203,0.264323,0.264323,0.264323,0.0857226,0.0876761,0.0794091,0.0233087,0.0219952,0.0197645,0.0169138,0.018828,0.0134901
microlib_000210,m1_extended,common,32,0.232137,0.268595,0.0566671,0.0364581,0.0260952,0.033215,0.263325,0.0208099,0.242459,0.268595,0.268595,0.268595,0.0946574,0.0839076,0.0836809,0.0275862,0.025246,0.0254535,0.0215763,0.0214162,0.0194371
microlib_000210,m1_cnn,train,32,0.232137,0.264628,0.0659395,0.0324916,0.0254291,0.0342042,0.256603,0.0230779,0.268884,0.264628,0.264628,0.264628,0.0956197,0.0882405,0.0791332,0.028213,0.0246585,0.0234157,0.0254767,0.022714,0.0210429
microlib_000210,m2_swin,train,32,0.232137,0.237989,0.0507027,0.00585186,0.0026679,0.0219208,0.0269215,0.00355658,0.0414383,0.237989,0.237989,0.237989,0.0874275,0.0661344,0.0993491,0.00452256,0.00486597,0.00686657,0.0032331,0.00676337,0.00422707
microlib_000210,m3_swin_sam,train,32,0.216902,0.237018,0.0483926,0.0201155,0.0151905,0.0224818,0.168836,0.0115654,0.145455,0.237018,0.237018,0.237018,0.108727,0.0631875,0.0958528,0.0209384,0.00882868,0.0158044,0.0190303,0.00602086,0.0129322
microlib_000210,m4_ensemble,train,32,0.232137,0.245864,0.0470321,0.0137271,0.0109763,0.0208987,0.110761,0.00805224,0.093818,0.245864,0.245864,0.245864,0.0852236,0.108861,0.0674736,0.0104692,0.016333,0.00612682,0.00650275,0.0114995,0.00615445
microlib_000210,m5_finetune,train,32,0.232137,0.264323,0.0584665,0.032186,0.0216894,0.0282867,0.218866,0.0164106,0.191203,0.264323,0.264323,0.264323,0.0857226,0.0876761,0.0794091,0.0233087,0.0219952,0.0197645,0.0169138,0.018828,0.0134901
microlib_000210,m1_extended,train,32,0.232137,0.268595,0.0566671,0.0364581,0.0260952,0.033215,0.263325,0.0208099,0.242459,0.268595,0.268595,0.268595,0.0946574,0.0839076,0.0836809,0.0275862,0.025246,0.0254535,0.0215763,0.0214162,0.0194371
