epoch,g_step,val_phi,val_s2_mae,best
1,100,0.040493011474609375,0.09426790354048249,1
2,200,0.00012969970703125,0.09909482372018918,0
3,300,0.4813423156738281,0.23936873694105645,0
4,400,0.03390312194824219,0.09431989728829314,0
5,500,0.05947685241699219,0.08664124824261513,1
6,600,0.12830352783203125,0.06077210691915603,1
7,700,0.22252273559570312,0.009114100279854495,1
8,800,0.19671058654785156,0.018112554953621934,0
9,900,0.23710250854492188,0.0034733253971795403,1
10,1000,0.265167236328125,0.023454223717563307,0
11,1100,0.2965888977050781,0.04854631015172276,0
12,1200,0.23276901245117188,0.003548243667590418,0
